epoch,time,train/box_loss,train/cls_loss,train/dfl_loss,metrics/precision(B),metrics/recall(B),metrics/mAP50(B),metrics/mAP50-95(B),val/box_loss,val/cls_loss,val/dfl_loss,lr/pg0,lr/pg1,lr/pg2
1,20.6904,1.47936,1.85441,1.45094,1,0.94554,0.98136,0.62627,1.07698,2.39243,0.96725,0.000651163,0.000651163,0.000651163
2,34.858,1.46739,1.24491,1.36642,1,0.97785,0.99486,0.68908,1.04458,1.8334,1.10571,0.00130478,0.00130478,0.00130478
3,48.9532,1.51451,1.21093,1.35352,0.92531,0.98621,0.97417,0.65568,1.17397,1.29019,1.1296,0.0019452,0.0019452,0.0019452
4,63.4792,1.49548,1.15162,1.38837,0.97912,0.96997,0.99218,0.68611,1.11482,1.165,1.10199,0.0019406,0.0019406,0.0019406
5,78.8334,1.49722,1.09791,1.37387,0.9822,0.97931,0.99245,0.69076,1.08934,1.09962,1.11953,0.0019208,0.0019208,0.0019208
6,95.1729,1.43085,0.99133,1.32896,1,0.91557,0.98112,0.67169,1.13702,0.92799,1.18121,0.001901,0.001901,0.001901
7,108.214,1.43569,0.94917,1.34491,0.99196,0.95862,0.99219,0.73535,0.99446,0.83411,1.10699,0.0018812,0.0018812,0.0018812
8,121.768,1.40624,0.89329,1.33905,0.9805,0.98621,0.99438,0.71657,0.96424,0.7373,1.08851,0.0018614,0.0018614,0.0018614
9,135.85,1.39652,0.85954,1.31361,0.99039,0.9931,0.99397,0.70196,1.05176,0.71892,1.11717,0.0018416,0.0018416,0.0018416
10,149.259,1.39221,0.82009,1.31974,0.99297,0.97396,0.99096,0.68873,1.07013,0.71535,1.15152,0.0018218,0.0018218,0.0018218
11,162.843,1.34381,0.77586,1.28486,0.99996,0.9931,0.995,0.72777,0.95866,0.63132,1.11228,0.001802,0.001802,0.001802
12,176.613,1.35574,0.73894,1.29456,1,0.95727,0.98669,0.70536,0.99563,0.6853,1.12277,0.0017822,0.0017822,0.0017822
13,190.388,1.35218,0.72554,1.29549,1,0.99779,0.995,0.71495,0.98937,0.59685,1.12123,0.0017624,0.0017624,0.0017624
14,204.074,1.33607,0.70009,1.27938,0.97914,0.97113,0.98991,0.71789,0.99805,0.62794,1.1266,0.0017426,0.0017426,0.0017426
15,217.508,1.32864,0.7043,1.28975,0.98629,0.99192,0.99459,0.69809,1.0134,0.58297,1.13292,0.0017228,0.0017228,0.0017228
16,230.91,1.33554,0.68585,1.29716,0.99269,0.93619,0.98356,0.69705,1.03932,0.60733,1.17039,0.001703,0.001703,0.001703
17,244.213,1.30529,0.662,1.26821,0.99697,0.9931,0.995,0.71518,0.96958,0.55365,1.11583,0.0016832,0.0016832,0.0016832
18,257.745,1.3149,0.67165,1.28125,0.99676,0.95862,0.99353,0.75293,0.87981,0.54109,1.09557,0.0016634,0.0016634,0.0016634
19,272.295,1.34424,0.66499,1.2881,0.96511,0.95384,0.98193,0.73823,0.90176,0.56979,1.10599,0.0016436,0.0016436,0.0016436
20,285.502,1.35368,0.659,1.27275,0.99797,1,0.995,0.71339,0.97765,0.51137,1.12789,0.0016238,0.0016238,0.0016238
21,298.598,1.32504,0.64491,1.27504,1,0.99947,0.995,0.76677,0.89126,0.48534,1.07926,0.001604,0.001604,0.001604
22,312.066,1.28908,0.63924,1.27954,0.99294,1,0.99493,0.6937,1.0597,0.50873,1.16925,0.0015842,0.0015842,0.0015842
23,325.474,1.27633,0.62091,1.24877,0.99861,1,0.995,0.75766,0.89183,0.44113,1.11488,0.0015644,0.0015644,0.0015644
24,338.635,1.29068,0.62348,1.26575,0.99885,1,0.995,0.73991,0.90915,0.45031,1.10367,0.0015446,0.0015446,0.0015446
25,352.237,1.26326,0.58995,1.2474,0.99964,1,0.995,0.76757,0.87942,0.42245,1.09501,0.0015248,0.0015248,0.0015248
26,365.545,1.25281,0.56554,1.25383,0.99898,1,0.995,0.68168,1.0829,0.45342,1.18526,0.001505,0.001505,0.001505
27,378.842,1.25376,0.58332,1.25424,0.9991,1,0.995,0.73889,0.89948,0.42664,1.11842,0.0014852,0.0014852,0.0014852
28,392.358,1.259,0.58989,1.2518,0.99943,1,0.995,0.76363,0.84611,0.42112,1.07346,0.0014654,0.0014654,0.0014654
29,405.52,1.26487,0.58473,1.26468,0.9995,1,0.995,0.76735,0.84279,0.41355,1.0779,0.0014456,0.0014456,0.0014456
30,419.018,1.24955,0.57234,1.22306,0.99913,1,0.995,0.68185,1.07872,0.48314,1.19519,0.0014258,0.0014258,0.0014258
31,432.362,1.2372,0.58071,1.23357,0.99976,1,0.995,0.75628,0.8729,0.42377,1.0894,0.001406,0.001406,0.001406
32,445.865,1.27759,0.58339,1.26306,0.99921,1,0.995,0.78541,0.78446,0.40799,1.05244,0.0013862,0.0013862,0.0013862
33,461.533,1.22224,0.55518,1.22366,0.99944,1,0.995,0.73661,0.94343,0.40541,1.1311,0.0013664,0.0013664,0.0013664
34,475.356,1.22539,0.57185,1.23635,0.9931,0.99228,0.99121,0.75186,0.86061,0.401,1.08721,0.0013466,0.0013466,0.0013466
35,489.126,1.22811,0.54796,1.24463,0.99681,0.9931,0.995,0.755,0.90614,0.42614,1.10605,0.0013268,0.0013268,0.0013268
36,502.787,1.21239,0.54253,1.23401,0.99957,1,0.995,0.75379,0.88565,0.42273,1.10809,0.001307,0.001307,0.001307
37,516.377,1.21383,0.54918,1.21193,0.993,0.97819,0.98444,0.73361,0.91095,0.44698,1.11159,0.0012872,0.0012872,0.0012872
38,530.572,1.22557,0.55586,1.22748,0.99956,1,0.995,0.77281,0.83219,0.38238,1.08561,0.0012674,0.0012674,0.0012674
39,544.384,1.183,0.53532,1.20923,0.9926,0.9931,0.99114,0.76987,0.82645,0.36446,1.07748,0.0012476,0.0012476,0.0012476
40,558.71,1.17088,0.52135,1.19979,0.99951,1,0.995,0.77155,0.87054,0.37166,1.09256,0.0012278,0.0012278,0.0012278
41,572.515,1.20066,0.5283,1.22585,1,0.99965,0.995,0.78008,0.81139,0.37438,1.06624,0.001208,0.001208,0.001208
42,585.905,1.21776,0.54624,1.21671,0.99984,0.9931,0.995,0.75532,0.88646,0.37709,1.08975,0.0011882,0.0011882,0.0011882
43,599.114,1.20111,0.52739,1.21446,0.99973,1,0.995,0.7563,0.87183,0.37227,1.08527,0.0011684,0.0011684,0.0011684
44,612.486,1.15201,0.51341,1.19387,0.9995,1,0.995,0.78353,0.80106,0.35413,1.05277,0.0011486,0.0011486,0.0011486
45,626.998,1.17785,0.51765,1.21588,0.99947,1,0.995,0.78337,0.78836,0.34783,1.05853,0.0011288,0.0011288,0.0011288
46,641.268,1.15091,0.52928,1.20044,0.99944,1,0.995,0.77995,0.82786,0.36286,1.07031,0.001109,0.001109,0.001109
47,655.118,1.17426,0.52078,1.21788,0.99969,1,0.995,0.7752,0.80397,0.373,1.0697,0.0010892,0.0010892,0.0010892
